{"_timestamp":1.7276346270457885e+09,"_runtime":0.720385547,"_step":7,"acc":0.862716467513812,"loss":0.16247189072688764,"_wandb":{"runtime":0}}