{"_step":7,"_wandb":{"runtime":0},"acc":0.811613544433523,"loss":0.23364424516167176,"_timestamp":1.7276360876810298e+09,"_runtime":0.666276166}