{"_runtime":0.656526486,"_step":7,"_wandb":{"runtime":0},"acc":0.8632158255301815,"loss":0.09231512722721101,"_timestamp":1.7276360831818993e+09}