{"_wandb":{"runtime":0},"_step":7,"acc":0.9019022369437197,"loss":0.10946474787777355,"_timestamp":1.7276346177145507e+09,"_runtime":0.735922994}