{"loss":0.19854140979834,"_timestamp":1.7276360908356636e+09,"_runtime":0.722710714,"_step":7,"_wandb":{"runtime":0},"acc":0.8217496472850516}