{"_wandb":{"runtime":1},"_step":7,"acc":0.949870876184371,"loss":0.039736640124782965,"_timestamp":1.7276360741595588e+09,"_runtime":0.969081741}