{"_timestamp":1.7276346131893911e+09,"_runtime":1.001210949,"_step":7,"acc":0.7793216397754903,"_wandb":{"runtime":1},"loss":0.20819154986782917}