{"loss":0.2377481622617191,"_timestamp":1.727636078301439e+09,"_runtime":0.687588712,"_step":7,"_wandb":{"runtime":0},"acc":0.8133111551560547}