{"_wandb":{"runtime":0},"acc":0.7898949303776126,"loss":0.2169305695074959,"_timestamp":1.727634620888633e+09,"_runtime":0.729762169,"_step":7}