{"acc":0.8659705689391974,"loss":0.09730201573756136,"_timestamp":1.7276346240226128e+09,"_wandb":{"runtime":0},"_runtime":0.745975449,"_step":7}